"","subID","phase","ln_Fz","pre_MFT","delta_MFT_rest"
"1","a01","b01",0.473115779653744,0.278164084079028,0.194951695574716
"2","a01","b02",0.512914611771937,0.278164084079028,0.234750527692909
"3","a01","b03",0.436450034864656,0.278164084079028,0.158285950785627
"4","a01","b04",0.506598933391514,0.278164084079028,0.228434849312486
"5","a01","b05",0.551609424634383,0.278164084079028,0.273445340555355
"6","a01","b06",0.547210971721863,0.278164084079028,0.269046887642834
"7","a01","b07",0.553808473145362,0.278164084079028,0.275644389066333
"8","a01","b08",0.601950139215542,0.278164084079028,0.323786055136514
"9","a01","b09",0.61860104521361,0.278164084079028,0.340436961134581
"10","a01","b10",0.677106673682732,0.278164084079028,0.398942589603703
"11","a01","b11",0.629268056447392,0.278164084079028,0.351103972368363
"12","a01","b12",0.821048023944061,0.278164084079028,0.542883939865033
"13","a01","b13",0.61939525268999,0.278164084079028,0.341231168610962
"14","a01","b14",0.842190349664193,0.278164084079028,0.564026265585165
"15","a01","b15",0.789184837852664,0.278164084079028,0.511020753773635
"16","a01","b16",0.793492312061918,0.278164084079028,0.515328227982889
"17","a01","b17",0.732301662747402,0.278164084079028,0.454137578668374
"18","a01","b18",0.695430967257375,0.278164084079028,0.417266883178346
"19","a01","b19",0.717080808087208,0.278164084079028,0.438916724008179
"20","a01","b20",0.718662864331895,0.278164084079028,0.440498780252866
"21","a01","pretest",0.278164084079028,0.278164084079028,0
"22","a02","b01",0.400048809776721,0.227855024888105,0.172193784888616
"23","a02","b02",0.384798621475723,0.227855024888105,0.156943596587618
"24","a02","b03",0.631803999124545,0.227855024888105,0.403948974236439
"25","a02","b04",0.514974925275799,0.227855024888105,0.287119900387693
"26","a02","b05",0.522717171397879,0.227855024888105,0.294862146509773
"27","a02","b06",0.488545526223194,0.227855024888105,0.260690501335089
"28","a02","b07",0.856384290024834,0.227855024888105,0.628529265136728
"29","a02","b08",0.8344644869011,0.227855024888105,0.606609462012994
"30","a02","b09",0.726345776994758,0.227855024888105,0.498490752106653
"31","a02","b10",0.936357508135633,0.227855024888105,0.708502483247527
"32","a02","b11",0.454298579813079,0.227855024888105,0.226443554924974
"33","a02","b12",0.715817981710939,0.227855024888105,0.487962956822834
"34","a02","b13",0.542105525649873,0.227855024888105,0.314250500761768
"35","a02","b14",0.540378891145555,0.227855024888105,0.31252386625745
"36","a02","b15",0.56972016544776,0.227855024888105,0.341865140559654
"37","a02","b16",0.729515695451977,0.227855024888105,0.501660670563871
"38","a02","b17",0.625142457837807,0.227855024888105,0.397287432949702
"39","a02","b18",0.72757009501699,0.227855024888105,0.499715070128884
"40","a02","b19",0.575606454378366,0.227855024888105,0.347751429490261
"41","a02","b20",0.769898803142002,0.227855024888105,0.542043778253897
"42","a02","pretest",0.227855024888105,0.227855024888105,0
"43","a03","b01",0.967097459142406,1.17280168813952,-0.205704228997109
"44","a03","b02",1.07094990576982,1.17280168813952,-0.101851782369698
"45","a03","b03",0.939422640817494,1.17280168813952,-0.233379047322021
"46","a03","b04",1.17654352544801,1.17280168813952,0.00374183730849298
"47","a03","b05",1.1478561191226,1.17280168813952,-0.0249455690169105
"48","a03","b06",1.05693391046978,1.17280168813952,-0.115867777669732
"49","a03","b07",1.09708759516002,1.17280168813952,-0.0757140929794913
"50","a03","b08",1.15307131311084,1.17280168813952,-0.0197303750286779
"51","a03","b09",0.974579780717948,1.17280168813952,-0.198221907421567
"52","a03","b10",1.10473511883606,1.17280168813952,-0.068066569303455
"53","a03","b11",0.950240614929863,1.17280168813952,-0.222561073209652
"54","a03","b12",1.13072438140243,1.17280168813952,-0.042077306737089
"55","a03","b13",1.03688501856006,1.17280168813952,-0.135916669579459
"56","a03","b14",0.928205162791286,1.17280168813952,-0.244596525348229
"57","a03","b15",1.16464985822,1.17280168813952,-0.00815182991951047
"58","a03","b16",0.963973014621354,1.17280168813952,-0.208828673518161
"59","a03","b17",0.918517504014327,1.17280168813952,-0.254284184125189
"60","a03","b18",0.998529290575923,1.17280168813952,-0.174272397563592
"61","a03","b19",1.08884827369151,1.17280168813952,-0.083953414448005
"62","a03","b20",1.01070735907139,1.17280168813952,-0.162094329068126
"63","a03","pretest",1.17280168813952,1.17280168813952,0
"64","a04","b01",1.15740464491352,0.701490518658451,0.455914126255073
"65","a04","b02",1.23189950834897,0.701490518658451,0.530408989690518
"66","a04","b03",1.02051586649004,0.701490518658451,0.319025347831591
"67","a04","b04",1.13346512535168,0.701490518658451,0.431974606693226
"68","a04","b05",1.16349073259297,0.701490518658451,0.462000213934523
"69","a04","b06",1.02874348194727,0.701490518658451,0.327252963288822
"70","a04","b07",1.13215946154285,0.701490518658451,0.430668942884402
"71","a04","b08",1.01574610425296,0.701490518658451,0.314255585594512
"72","a04","b09",1.04526374882707,0.701490518658451,0.343773230168622
"73","a04","b10",1.08048973355276,0.701490518658451,0.378999214894309
"74","a04","b11",1.03587519423011,0.701490518658451,0.334384675571655
"75","a04","b12",0.924078460542695,0.701490518658451,0.222587941884245
"76","a04","b13",0.932352005026044,0.701490518658451,0.230861486367593
"77","a04","b14",0.890059480951829,0.701490518658451,0.188568962293378
"78","a04","b15",1.07895535602011,0.701490518658451,0.377464837361658
"79","a04","b16",1.11290013615269,0.701490518658451,0.411409617494239
"80","a04","b17",0.923866348684932,0.701490518658451,0.222375830026481
"81","a04","b18",1.08403401935081,0.701490518658451,0.382543500692356
"82","a04","b19",0.891286849045412,0.701490518658451,0.189796330386961
"83","a04","b20",0.945309729988353,0.701490518658451,0.243819211329902
"84","a04","pretest",0.701490518658451,0.701490518658451,0
"85","a05","b01",0.470119348126769,0.179005748314297,0.291113599812472
"86","a05","b02",0.566854791120063,0.179005748314297,0.387849042805766
"87","a05","b03",0.487152695033606,0.179005748314297,0.308146946719308
"88","a05","b04",0.633877179186889,0.179005748314297,0.454871430872592
"89","a05","b05",0.464070560635242,0.179005748314297,0.285064812320945
"90","a05","b06",0.496317511498137,0.179005748314297,0.31731176318384
"91","a05","b07",0.686451151653513,0.179005748314297,0.507445403339216
"92","a05","b08",0.69307885208629,0.179005748314297,0.514073103771993
"93","a05","b09",0.656041695177538,0.179005748314297,0.477035946863241
"94","a05","b10",0.63059885679186,0.179005748314297,0.451593108477563
"95","a05","b11",0.474874653385624,0.179005748314297,0.295868905071327
"96","a05","b12",0.43453701645582,0.179005748314297,0.255531268141522
"97","a05","b13",0.369899663154758,0.179005748314297,0.190893914840461
"98","a05","b14",0.43079242997328,0.179005748314297,0.251786681658983
"99","a05","b15",0.570296311885182,0.179005748314297,0.391290563570885
"100","a05","b16",0.406034224773356,0.179005748314297,0.227028476459059
"101","a05","b17",0.579507504024614,0.179005748314297,0.400501755710317
"102","a05","b18",0.711765034810236,0.179005748314297,0.532759286495939
"103","a05","b19",0.872493352074325,0.179005748314297,0.693487603760028
"104","a05","b20",0.505967670264504,0.179005748314297,0.326961921950207
"105","a05","pretest",0.179005748314297,0.179005748314297,0
"106","a06","b01",0.828934113701201,0.691549647874288,0.137384465826913
"107","a06","b02",0.515789887387434,0.691549647874288,-0.175759760486854
"108","a06","b03",0.695568159874642,0.691549647874288,0.0040185120003533
"109","a06","b04",0.786332396406212,0.691549647874288,0.0947827485319233
"110","a06","b05",0.830329477173174,0.691549647874288,0.138779829298885
"111","a06","b06",0.794293322526707,0.691549647874288,0.102743674652419
"112","a06","b07",0.704857178987461,0.691549647874288,0.0133075311131724
"113","a06","b08",0.749653319473884,0.691549647874288,0.058103671599596
"114","a06","b09",0.833496516740984,0.691549647874288,0.141946868866695
"115","a06","b10",1.01601223984243,0.691549647874288,0.324462591968143
"116","a06","b11",1.18600811248319,0.691549647874288,0.494458464608904
"117","a06","b12",0.8361174569624,0.691549647874288,0.144567809088112
"118","a06","b13",0.912650097655152,0.691549647874288,0.221100449780864
"119","a06","b14",0.760611435596877,0.691549647874288,0.069061787722589
"120","a06","b15",0.975211298112639,0.691549647874288,0.283661650238351
"121","a06","b16",0.858002602864916,0.691549647874288,0.166452954990628
"122","a06","b17",0.771047185888816,0.691549647874288,0.0794975380145272
"123","a06","b18",1.03339858876943,0.691549647874288,0.341848940895144
"124","a06","b19",1.11534632257137,0.691549647874288,0.423796674697079
"125","a06","b20",0.638203502392025,0.691549647874288,-0.0533461454822635
"126","a06","pretest",0.691549647874288,0.691549647874288,0
"127","a07","b01",1.24844814003367,0.985427269802605,0.263020870231062
"128","a07","b02",1.08546454129267,0.985427269802605,0.100037271490064
"129","a07","b03",1.08936880759705,0.985427269802605,0.103941537794442
"130","a07","b04",1.08617618252568,0.985427269802605,0.100748912723079
"131","a07","b05",1.06008366094677,0.985427269802605,0.0746563911441682
"132","a07","b06",0.943222030943188,0.985427269802605,-0.0422052388594172
"133","a07","b07",0.9563261293533,0.985427269802605,-0.0291011404493056
"134","a07","b08",0.94823054519665,0.985427269802605,-0.0371967246059559
"135","a07","b09",0.933229677009424,0.985427269802605,-0.0521975927931809
"136","a07","b10",0.936228821126952,0.985427269802605,-0.0491984486756533
"137","a07","b11",0.920903910762316,0.985427269802605,-0.0645233590402892
"138","a07","b12",0.949271208870184,0.985427269802605,-0.0361560609324217
"139","a07","b13",0.924334130521645,0.985427269802605,-0.0610931392809603
"140","a07","b14",0.923640371641029,0.985427269802605,-0.0617868981615763
"141","a07","b15",0.919556475444696,0.985427269802605,-0.0658707943579093
"142","a07","b16",0.988124408838171,0.985427269802605,0.00269713903556568
"143","a07","b17",0.904208920805234,0.985427269802605,-0.0812183489973715
"144","a07","b18",1.01543819450347,0.985427269802605,0.0300109247008635
"145","a07","b19",1.02508066766807,0.985427269802605,0.039653397865463
"146","a07","b20",1.02745724895818,0.985427269802605,0.0420299791555754
"147","a07","pretest",0.985427269802605,0.985427269802605,0
"148","a08","b01",0.252186623070749,-0.0910482117513301,0.343234834822079
"149","a08","b02",0.179638047837886,-0.0910482117513301,0.270686259589216
"150","a08","b03",0.210609847958403,-0.0910482117513301,0.301658059709733
"151","a08","b04",0.215423315698068,-0.0910482117513301,0.306471527449398
"152","a08","b05",0.242429065216732,-0.0910482117513301,0.333477276968062
"153","a08","b06",0.115514844613454,-0.0910482117513301,0.206563056364784
"154","a08","b07",0.19340793531307,-0.0910482117513301,0.2844561470644
"155","a08","b08",0.203976431013669,-0.0910482117513301,0.295024642764999
"156","a08","b09",0.281874028650116,-0.0910482117513301,0.372922240401446
"157","a08","b10",0.253543552055326,-0.0910482117513301,0.344591763806656
"158","a08","b11",0.108643421336513,-0.0910482117513301,0.199691633087843
"159","a08","b12",0.282078000554337,-0.0910482117513301,0.373126212305667
"160","a08","b13",0.204942839384602,-0.0910482117513301,0.295991051135932
"161","a08","b14",0.266318172953916,-0.0910482117513301,0.357366384705247
"162","a08","b15",0.306119381212351,-0.0910482117513301,0.397167592963681
"163","a08","b16",0.359960575761545,-0.0910482117513301,0.451008787512875
"164","a08","b17",0.411734820545509,-0.0910482117513301,0.50278303229684
"165","a08","b18",0.410662281333379,-0.0910482117513301,0.501710493084709
"166","a08","b19",0.298660092421012,-0.0910482117513301,0.389708304172342
"167","a08","b20",0.331578953727461,-0.0910482117513301,0.422627165478791
"168","a08","pretest",-0.0910482117513301,-0.0910482117513301,0
"169","a09","b01",1.17776559636889,0.865853831044265,0.311911765324629
"170","a09","b02",1.09693835070625,0.865853831044265,0.231084519661981
"171","a09","b03",1.19561310265874,0.865853831044265,0.329759271614475
"172","a09","b04",1.18887254170529,0.865853831044265,0.323018710661028
"173","a09","b05",1.21186249484473,0.865853831044265,0.346008663800464
"174","a09","b06",1.23092938835976,0.865853831044265,0.365075557315492
"175","a09","b07",1.09644862710718,0.865853831044265,0.230594796062911
"176","a09","b08",1.22968127204382,0.865853831044265,0.363827440999554
"177","a09","b09",1.08728219190404,0.865853831044265,0.221428360859776
"178","a09","b10",0.933692124609404,0.865853831044265,0.0678382935651393
"179","a09","b11",0.990581542550681,0.865853831044265,0.124727711506416
"180","a09","b12",1.17350213257746,0.865853831044265,0.307648301533191
"181","a09","b13",1.11117726896256,0.865853831044265,0.245323437918296
"182","a09","b14",0.966877561495364,0.865853831044265,0.101023730451099
"183","a09","b15",1.01537491106936,0.865853831044265,0.149521080025097
"184","a09","b16",1.02517174670327,0.865853831044265,0.159317915659006
"185","a09","b17",0.969118910197467,0.865853831044265,0.103265079153202
"186","a09","b18",1.09128786195949,0.865853831044265,0.225434030915226
"187","a09","b19",1.04629209396403,0.865853831044265,0.180438262919767
"188","a09","b20",1.0314996177996,0.865853831044265,0.165645786755333
"189","a09","pretest",0.865853831044265,0.865853831044265,0
"190","a10","b01",0.512283380756738,0.293905705845061,0.218377674911677
"191","a10","b02",0.501293690510763,0.293905705845061,0.207387984665702
"192","a10","b03",0.482449123455206,0.293905705845061,0.188543417610145
"193","a10","b04",0.438195383973318,0.293905705845061,0.144289678128257
"194","a10","b05",0.468962560913184,0.293905705845061,0.175056855068123
"195","a10","b06",0.513807280631838,0.293905705845061,0.219901574786777
"196","a10","b07",0.39967587989971,0.293905705845061,0.105770174054649
"197","a10","b08",0.541809276714692,0.293905705845061,0.247903570869631
"198","a10","b09",0.334539981977148,0.293905705845061,0.0406342761320865
"199","a10","b10",0.522145493879159,0.293905705845061,0.228239788034098
"200","a10","b11",0.538915338934172,0.293905705845061,0.245009633089111
"201","a10","b12",0.425547927601798,0.293905705845061,0.131642221756737
"202","a10","b13",0.411919945579117,0.293905705845061,0.118014239734056
"203","a10","b14",0.346619140695165,0.293905705845061,0.0527134348501035
"204","a10","b15",0.571746120179856,0.293905705845061,0.277840414334795
"205","a10","b16",0.470768206907483,0.293905705845061,0.176862501062422
"206","a10","b17",0.393631793282149,0.293905705845061,0.0997260874370876
"207","a10","b18",0.591363259430902,0.293905705845061,0.297457553585841
"208","a10","b19",0.448563563392716,0.293905705845061,0.154657857547655
"209","a10","b20",0.510799682116396,0.293905705845061,0.216893976271335
"210","a10","pretest",0.293905705845061,0.293905705845061,0
"211","a11","b01",1.06828942611274,0.890809365356741,0.177480060755999
"212","a11","b02",0.986188708313275,0.890809365356741,0.0953793429565344
"213","a11","b03",1.13311766068456,0.890809365356741,0.242308295327815
"214","a11","b04",1.15776371582763,0.890809365356741,0.26695435047089
"215","a11","b05",1.10781403307708,0.890809365356741,0.217004667720343
"216","a11","b06",0.89700825711997,0.890809365356741,0.00619889176322874
"217","a11","b07",1.18828893373381,0.890809365356741,0.297479568377067
"218","a11","b08",1.21567801187047,0.890809365356741,0.324868646513728
"219","a11","b09",1.04166449797185,0.890809365356741,0.150855132615109
"220","a11","b10",1.04870301256181,0.890809365356741,0.157893647205069
"221","a11","b11",1.07078769336535,0.890809365356741,0.17997832800861
"222","a11","b12",1.24972023932468,0.890809365356741,0.358910873967935
"223","a11","b13",1.10553811654885,0.890809365356741,0.214728751192105
"224","a11","b14",1.09544861047287,0.890809365356741,0.204639245116133
"225","a11","b15",1.16543997471908,0.890809365356741,0.274630609362339
"226","a11","b16",1.13198665723196,0.890809365356741,0.241177291875222
"227","a11","b17",1.14985171934702,0.890809365356741,0.25904235399028
"228","a11","b18",1.14951601803877,0.890809365356741,0.258706652682025
"229","a11","b19",1.28308325058402,0.890809365356741,0.39227388522728
"230","a11","b20",1.21034560778535,0.890809365356741,0.319536242428608
"231","a11","pretest",0.890809365356741,0.890809365356741,0
"232","a12","b01",0.818122900781967,0.286605391295923,0.531517509486044
"233","a12","b02",0.741225601049971,0.286605391295923,0.454620209754049
"234","a12","b03",0.607311124634794,0.286605391295923,0.320705733338871
"235","a12","b04",0.672839093760808,0.286605391295923,0.386233702464885
"236","a12","b05",0.829418890633014,0.286605391295923,0.542813499337091
"237","a12","b06",0.701324739089074,0.286605391295923,0.414719347793151
"238","a12","b07",0.671718776797153,0.286605391295923,0.38511338550123
"239","a12","b08",0.688143634447462,0.286605391295923,0.401538243151539
"240","a12","b09",0.72541036197224,0.286605391295923,0.438804970676317
"241","a12","b10",0.753545007034589,0.286605391295923,0.466939615738667
"242","a12","b11",0.670528968500568,0.286605391295923,0.383923577204645
"243","a12","b12",0.848082545969465,0.286605391295923,0.561477154673542
"244","a12","b13",0.832010655352725,0.286605391295923,0.545405264056802
"245","a12","b14",0.766482371982815,0.286605391295923,0.479876980686892
"246","a12","b15",0.722733723514639,0.286605391295923,0.436128332218716
"247","a12","b16",0.747334840341661,0.286605391295923,0.460729449045738
"248","a12","b17",0.740504371149695,0.286605391295923,0.453898979853772
"249","a12","b18",0.632889050757919,0.286605391295923,0.346283659461996
"250","a12","b19",0.653366345423087,0.286605391295923,0.366760954127164
"251","a12","b20",0.889768141794326,0.286605391295923,0.603162750498403
"252","a12","pretest",0.286605391295923,0.286605391295923,0
"253","a13","b01",0.708792102672241,0.58879573897477,0.11999636369747
"254","a13","b02",0.555849954214637,0.58879573897477,-0.0329457847601337
"255","a13","b03",0.731400105389945,0.58879573897477,0.142604366415175
"256","a13","b04",0.694519157158199,0.58879573897477,0.105723418183428
"257","a13","b05",0.814092721894664,0.58879573897477,0.225296982919894
"258","a13","b06",0.726690766111313,0.58879573897477,0.137895027136543
"259","a13","b07",0.799701652095918,0.58879573897477,0.210905913121148
"260","a13","b08",0.797325179215523,0.58879573897477,0.208529440240753
"261","a13","b09",0.935602799796785,0.58879573897477,0.346807060822015
"262","a13","b10",0.804117388998334,0.58879573897477,0.215321650023563
"263","a13","b11",0.745131155989927,0.58879573897477,0.156335417015157
"264","a13","b12",0.476560971960002,0.58879573897477,-0.112234767014768
"265","a13","b13",0.787222630641662,0.58879573897477,0.198426891666892
"266","a13","b14",0.842027723705378,0.58879573897477,0.253231984730608
"267","a13","b15",0.698247474192907,0.58879573897477,0.109451735218137
"268","a13","b16",0.775887201659325,0.58879573897477,0.187091462684554
"269","a13","b17",0.795664685831686,0.58879573897477,0.206868946856916
"270","a13","b18",0.668127219969484,0.58879573897477,0.0793314809947141
"271","a13","b19",0.68312658264597,0.58879573897477,0.0943308436711996
"272","a13","b20",0.856087415638896,0.58879573897477,0.267291676664125
"273","a13","pretest",0.58879573897477,0.58879573897477,0
"274","a14","b01",0.728506333216153,0.437703694318968,0.290802638897185
"275","a14","b02",0.793871778706922,0.437703694318968,0.356168084387954
"276","a14","b03",0.855090683980273,0.437703694318968,0.417386989661305
"277","a14","b04",0.819310566157728,0.437703694318968,0.38160687183876
"278","a14","b05",0.78371019030409,0.437703694318968,0.346006495985122
"279","a14","b06",0.809642215441146,0.437703694318968,0.371938521122178
"280","a14","b07",0.621325134630271,0.437703694318968,0.183621440311303
"281","a14","b08",0.903796942777293,0.437703694318968,0.466093248458326
"282","a14","b09",0.768086820598166,0.437703694318968,0.330383126279198
"283","a14","b10",0.977347428291822,0.437703694318968,0.539643733972854
"284","a14","b11",0.7756752834741,0.437703694318968,0.337971589155132
"285","a14","b12",0.890087563597958,0.437703694318968,0.45238386927899
"286","a14","b13",0.627861358504528,0.437703694318968,0.190157664185561
"287","a14","b14",0.913024032764409,0.437703694318968,0.475320338445441
"288","a14","b15",0.903857540949818,0.437703694318968,0.46615384663085
"289","a14","b16",0.841119931544866,0.437703694318968,0.403416237225898
"290","a14","b17",0.820462102997177,0.437703694318968,0.38275840867821
"291","a14","b18",0.841595536462708,0.437703694318968,0.40389184214374
"292","a14","b19",0.858638990014918,0.437703694318968,0.42093529569595
"293","a14","b20",0.859454314746555,0.437703694318968,0.421750620427587
"294","a14","pretest",0.437703694318968,0.437703694318968,0
"295","a15","b01",0.514322558476345,0.523882105106663,-0.00955954663031733
"296","a15","b02",0.402873491062473,0.523882105106663,-0.121008614044189
"297","a15","b03",0.282951634752451,0.523882105106663,-0.240930470354212
"298","a15","b04",0.347998595717914,0.523882105106663,-0.175883509388749
"299","a15","b05",0.44163693156439,0.523882105106663,-0.0822451735422723
"300","a15","b06",0.389953509360934,0.523882105106663,-0.133928595745729
"301","a15","b07",0.482534556025118,0.523882105106663,-0.0413475490815446
"302","a15","b08",0.380276598192127,0.523882105106663,-0.143605506914535
"303","a15","b09",0.382361666620911,0.523882105106663,-0.141520438485751
"304","a15","b10",0.440902541010878,0.523882105106663,-0.0829795640957847
"305","a15","b11",0.344625777801411,0.523882105106663,-0.179256327305252
"306","a15","b12",0.446257791224366,0.523882105106663,-0.0776243138822962
"307","a15","b13",0.473686474050569,0.523882105106663,-0.0501956310560934
"308","a15","b14",0.507891455989381,0.523882105106663,-0.0159906491172814
"309","a15","b15",0.513444827977744,0.523882105106663,-0.0104372771289187
"310","a15","b16",0.403670843067892,0.523882105106663,-0.12021126203877
"311","a15","b17",0.577614581534332,0.523882105106663,0.0537324764276694
"312","a15","b18",0.395162969065213,0.523882105106663,-0.12871913604145
"313","a15","b19",0.578757366662799,0.523882105106663,0.0548752615561364
"314","a15","b20",0.502719007729629,0.523882105106663,-0.0211630973770339
"315","a15","pretest",0.523882105106663,0.523882105106663,0
"316","a16","b01",0.487701117755759,-0.120929134083625,0.608630251839384
"317","a16","b02",0.548015728623318,-0.120929134083625,0.668944862706944
"318","a16","b03",0.60676986342952,-0.120929134083625,0.727698997513145
"319","a16","b04",0.587774153498446,-0.120929134083625,0.708703287582071
"320","a16","b05",0.610683485145864,-0.120929134083625,0.731612619229489
"321","a16","b06",0.647728778353146,-0.120929134083625,0.768657912436771
"322","a16","b07",0.589330541087636,-0.120929134083625,0.710259675171262
"323","a16","b08",0.44475019968863,-0.120929134083625,0.565679333772255
"324","a16","b09",0.659282624056078,-0.120929134083625,0.780211758139703
"325","a16","b10",0.552172408146607,-0.120929134083625,0.673101542230232
"326","a16","b11",0.682347544261963,-0.120929134083625,0.803276678345588
"327","a16","b12",0.686757313700709,-0.120929134083625,0.807686447784335
"328","a16","b13",0.680904024633588,-0.120929134083625,0.801833158717213
"329","a16","b14",0.640307802491958,-0.120929134083625,0.761236936575584
"330","a16","b15",0.529533912641177,-0.120929134083625,0.650463046724802
"331","a16","b16",0.646906002117987,-0.120929134083625,0.767835136201612
"332","a16","b17",0.551119268834479,-0.120929134083625,0.672048402918104
"333","a16","b18",0.507089028770938,-0.120929134083625,0.628018162854563
"334","a16","b19",0.503547653661525,-0.120929134083625,0.62447678774515
"335","a16","b20",0.668584256775846,-0.120929134083625,0.789513390859471
"336","a16","pretest",-0.120929134083625,-0.120929134083625,0
"337","a17","b01",0.910080892762531,0.629108918844981,0.28097197391755
"338","a17","b02",0.94113200201207,0.629108918844981,0.31202308316709
"339","a17","b03",1.04793479668416,0.629108918844981,0.418825877839184
"340","a17","b04",1.01439185222448,0.629108918844981,0.385282933379497
"341","a17","b05",0.934228861288829,0.629108918844981,0.305119942443848
"342","a17","b06",1.0205208752522,0.629108918844981,0.391411956407221
"343","a17","b07",1.04497416555037,0.629108918844981,0.415865246705388
"344","a17","b08",1.05944778806093,0.629108918844981,0.430338869215946
"345","a17","b09",1.07231748708867,0.629108918844981,0.443208568243686
"346","a17","b10",1.08142233483661,0.629108918844981,0.452313415991628
"347","a17","b11",1.09815518279508,0.629108918844981,0.469046263950096
"348","a17","b12",0.95385210086175,0.629108918844981,0.32474318201677
"349","a17","b13",0.998174264928805,0.629108918844981,0.369065346083824
"350","a17","b14",1.00893023841812,0.629108918844981,0.379821319573138
"351","a17","b15",1.24758980779598,0.629108918844981,0.618480888951002
"352","a17","b16",1.21826395113384,0.629108918844981,0.589155032288862
"353","a17","b17",1.25049330545909,0.629108918844981,0.621384386614104
"354","a17","b18",1.11873951712798,0.629108918844981,0.489630598282996
"355","a17","b19",1.19599068793485,0.629108918844981,0.566881769089872
"356","a17","b20",1.14031360153659,0.629108918844981,0.511204682691605
"357","a17","pretest",0.629108918844981,0.629108918844981,0
"358","a18","b01",0.730536517069438,0.598810148764348,0.13172636830509
"359","a18","b02",0.829404592177775,0.598810148764348,0.230594443413427
"360","a18","b03",0.819915182775085,0.598810148764348,0.221105034010737
"361","a18","b04",0.827768701327357,0.598810148764348,0.228958552563009
"362","a18","b05",0.803572559843266,0.598810148764348,0.204762411078917
"363","a18","b06",0.887736322759637,0.598810148764348,0.288926173995288
"364","a18","b07",0.856611586028761,0.598810148764348,0.257801437264412
"365","a18","b08",0.667205699226701,0.598810148764348,0.0683955504623526
"366","a18","b09",0.810903312312041,0.598810148764348,0.212093163547693
"367","a18","b10",0.744866783989787,0.598810148764348,0.146056635225439
"368","a18","b11",0.835082893903359,0.598810148764348,0.236272745139011
"369","a18","b12",0.776437338136001,0.598810148764348,0.177627189371652
"370","a18","b13",0.952370699062529,0.598810148764348,0.35356055029818
"371","a18","b14",0.745739205729237,0.598810148764348,0.146929056964889
"372","a18","b15",0.795980573415622,0.598810148764348,0.197170424651273
"373","a18","b16",0.829830659317457,0.598810148764348,0.231020510553108
"374","a18","b17",0.835829871657253,0.598810148764348,0.237019722892904
"375","a18","b18",0.698016580495029,0.598810148764348,0.0992064317306801
"376","a18","b19",0.799059037159993,0.598810148764348,0.200248888395645
"377","a18","b20",0.710754105813134,0.598810148764348,0.111943957048786
"378","a18","pretest",0.598810148764348,0.598810148764348,0
"379","a19","b01",0.723172027612635,0.592412364053187,0.130759663559449
"380","a19","b02",1.02080148633907,0.592412364053187,0.42838912228588
"381","a19","b03",0.929547841808084,0.592412364053187,0.337135477754897
"382","a19","b04",1.07458638246142,0.592412364053187,0.482174018408228
"383","a19","b05",0.944640706267397,0.592412364053187,0.35222834221421
"384","a19","b06",1.25381690893148,0.592412364053187,0.661404544878294
"385","a19","b07",0.915477735285761,0.592412364053187,0.323065371232574
"386","a19","b08",0.96514985957176,0.592412364053187,0.372737495518574
"387","a19","b09",1.23901276898358,0.592412364053187,0.646600404930395
"388","a19","b10",1.09586090090062,0.592412364053187,0.503448536847434
"389","a19","b11",1.39006505245392,0.592412364053187,0.797652688400735
"390","a19","b12",1.30678961236604,0.592412364053187,0.714377248312852
"391","a19","b13",0.941761043684291,0.592412364053187,0.349348679631105
"392","a19","b14",1.07276882060229,0.592412364053187,0.480356456549101
"393","a19","b15",1.59144234975298,0.592412364053187,0.999029985699793
"394","a19","b16",1.2769115179859,0.592412364053187,0.68449915393271
"395","a19","b17",1.67971944007798,0.592412364053187,1.0873070760248
"396","a19","b18",0.966895863557304,0.592412364053187,0.374483499504118
"397","a19","b19",1.37633223586721,0.592412364053187,0.783919871814025
"398","a19","b20",1.04234864941085,0.592412364053187,0.449936285357662
"399","a19","pretest",0.592412364053187,0.592412364053187,0
"400","a20","b01",0.877210426387774,0.964219765993104,-0.0870093396053302
"401","a20","b02",0.972968817410337,0.964219765993104,0.00874905141723337
"402","a20","b03",1.05262285810985,0.964219765993104,0.0884030921167422
"403","a20","b04",1.0210249579429,0.964219765993104,0.0568051919497994
"404","a20","b05",0.989386999105172,0.964219765993104,0.0251672331120679
"405","a20","b06",1.01210198022717,0.964219765993104,0.0478822142340669
"406","a20","b07",0.925112991706266,0.964219765993104,-0.039106774286838
"407","a20","b08",1.04047348918285,0.964219765993104,0.0762537231897447
"408","a20","b09",0.854120689019307,0.964219765993104,-0.110099076973797
"409","a20","b10",0.836300877828952,0.964219765993104,-0.127918888164152
"410","a20","b11",1.02750028493609,0.964219765993104,0.0632805189429888
"411","a20","b12",1.09454334667164,0.964219765993104,0.130323580678538
"412","a20","b13",1.04250261194702,0.964219765993104,0.0782828459539122
"413","a20","b14",1.039944677076,0.964219765993104,0.075724911082893
"414","a20","b15",0.902630807557325,0.964219765993104,-0.0615889584357787
"415","a20","b16",1.12841063511533,0.964219765993104,0.164190869122229
"416","a20","b17",1.19613556276612,0.964219765993104,0.231915796773016
"417","a20","b18",1.14704324620401,0.964219765993104,0.182823480210906
"418","a20","b19",1.15265006405672,0.964219765993104,0.188430298063617
"419","a20","b20",1.07571269771891,0.964219765993104,0.111492931725803
"420","a20","pretest",0.964219765993104,0.964219765993104,0
"421","a21","b01",0.00233934258922621,-0.157540371189414,0.159879713778641
"422","a21","b02",0.109711695486126,-0.157540371189414,0.26725206667554
"423","a21","b03",0.222156174611011,-0.157540371189414,0.379696545800425
"424","a21","b04",0.252919531809061,-0.157540371189414,0.410459902998476
"425","a21","b05",0.0646008831941823,-0.157540371189414,0.222141254383597
"426","a21","b06",0.0646098052066154,-0.157540371189414,0.22215017639603
"427","a21","b07",-0.0358247377430379,-0.157540371189414,0.121715633446376
"428","a21","b08",0.0870056856119158,-0.157540371189414,0.24454605680133
"429","a21","b09",0.197462658497655,-0.157540371189414,0.355003029687069
"430","a21","b10",0.269172110023851,-0.157540371189414,0.426712481213265
"431","a21","b11",0.10506246931887,-0.157540371189414,0.262602840508284
"432","a21","b12",0.134713341172038,-0.157540371189414,0.292253712361452
"433","a21","b13",0.119880514476598,-0.157540371189414,0.277420885666013
"434","a21","b14",0.218008124934709,-0.157540371189414,0.375548496124123
"435","a21","b15",0.125957637804204,-0.157540371189414,0.283498008993618
"436","a21","b16",-0.000658160602445901,-0.157540371189414,0.156882210586968
"437","a21","b17",0.163628204205005,-0.157540371189414,0.321168575394419
"438","a21","b18",0.226702451935854,-0.157540371189414,0.384242823125269
"439","a21","b19",0.0939735994260794,-0.157540371189414,0.251513970615494
"440","a21","b20",0.211531471040535,-0.157540371189414,0.369071842229949
"441","a21","pretest",-0.157540371189414,-0.157540371189414,0
"442","a22","b01",-0.10816002283696,-0.217124473345552,0.108964450508592
"443","a22","b02",0.136542650711081,-0.217124473345552,0.353667124056634
"444","a22","b03",-0.100914121511862,-0.217124473345552,0.11621035183369
"445","a22","b04",-0.0348039267630388,-0.217124473345552,0.182320546582513
"446","a22","b05",-0.0547728250107852,-0.217124473345552,0.162351648334767
"447","a22","b06",-0.0406000275355567,-0.217124473345552,0.176524445809995
"448","a22","b07",-0.0205261119542808,-0.217124473345552,0.196598361391271
"449","a22","b08",-0.0181197051396563,-0.217124473345552,0.199004768205896
"450","a22","b09",0.00674364023051126,-0.217124473345552,0.223868113576063
"451","a22","b10",-0.0840533915696271,-0.217124473345552,0.133071081775925
"452","a22","b11",-0.0641816465577704,-0.217124473345552,0.152942826787782
"453","a22","b12",-0.232012717023364,-0.217124473345552,-0.0148882436778122
"454","a22","b13",0.0228645426644445,-0.217124473345552,0.239989016009997
"455","a22","b14",-0.0202302246829666,-0.217124473345552,0.196894248662586
"456","a22","b15",0.0332777922319501,-0.217124473345552,0.250402265577502
"457","a22","b16",-0.19143452706516,-0.217124473345552,0.0256899462803917
"458","a22","b17",0.0104721994301675,-0.217124473345552,0.22759667277572
"459","a22","b18",-0.171812365992955,-0.217124473345552,0.0453121073525969
"460","a22","b19",0.0358990406171549,-0.217124473345552,0.253023513962707
"461","a22","b20",-0.179796035906738,-0.217124473345552,0.0373284374388139
"462","a22","pretest",-0.217124473345552,-0.217124473345552,0
"463","a23","b01",0.827240034078036,0.863506638992628,-0.036266604914592
"464","a23","b02",0.837159874650826,0.863506638992628,-0.0263467643418021
"465","a23","b03",0.80965772127443,0.863506638992628,-0.0538489177181983
"466","a23","b04",0.962997953302967,0.863506638992628,0.0994913143103389
"467","a23","b05",0.848451578727836,0.863506638992628,-0.0150550602647919
"468","a23","b06",0.776697122016404,0.863506638992628,-0.086809516976224
"469","a23","b07",0.795998503690784,0.863506638992628,-0.0675081353018442
"470","a23","b08",0.804099241416788,0.863506638992628,-0.0594073975758396
"471","a23","b09",0.997469572244512,0.863506638992628,0.133962933251884
"472","a23","b10",0.845789384718856,0.863506638992628,-0.0177172542737716
"473","a23","b11",0.792478598213452,0.863506638992628,-0.071028040779176
"474","a23","b12",0.899297362416154,0.863506638992628,0.0357907234235255
"475","a23","b13",0.956305370896099,0.863506638992628,0.0927987319034711
"476","a23","b14",0.815300501319147,0.863506638992628,-0.0482061376734815
"477","a23","b15",0.915072478687734,0.863506638992628,0.051565839695106
"478","a23","b16",0.911286063269611,0.863506638992628,0.0477794242769827
"479","a23","b17",0.816379516680763,0.863506638992628,-0.0471271223118654
"480","a23","b18",0.857180298946216,0.863506638992628,-0.00632634004641219
"481","a23","b19",0.918229236160052,0.863506638992628,0.0547225971674242
"482","a23","b20",0.792619663233405,0.863506638992628,-0.0708869757592233
"483","a23","pretest",0.863506638992628,0.863506638992628,0
"484","a24","b01",0.127810713003721,-0.0646544258128925,0.192465138816613
"485","a24","b02",0.162337912169628,-0.0646544258128925,0.226992337982521
"486","a24","b03",-0.724679262836879,-0.0646544258128925,-0.660024837023987
"487","a24","b04",0.338854065588813,-0.0646544258128925,0.403508491401706
"488","a24","b05",0.138136993653053,-0.0646544258128925,0.202791419465946
"489","a24","b06",0.32352786592016,-0.0646544258128925,0.388182291733052
"490","a24","b07",0.173762658083262,-0.0646544258128925,0.238417083896154
"491","a24","b08",0.381847880978075,-0.0646544258128925,0.446502306790968
"492","a24","b09",0.219106472303273,-0.0646544258128925,0.283760898116166
"493","a24","b10",0.343696840971081,-0.0646544258128925,0.408351266783974
"494","a24","b11",0.371219656613619,-0.0646544258128925,0.435874082426511
"495","a24","b12",0.548134235253888,-0.0646544258128925,0.612788661066781
"496","a24","b13",0.180201836021094,-0.0646544258128925,0.244856261833987
"497","a24","b14",0.19357280422714,-0.0646544258128925,0.258227230040032
"498","a24","b15",0.221483724754657,-0.0646544258128925,0.286138150567549
"499","a24","b16",0.215930913531839,-0.0646544258128925,0.280585339344732
"500","a24","b17",0.202182821654662,-0.0646544258128925,0.266837247467554
"501","a24","b18",0.173033586146627,-0.0646544258128925,0.23768801195952
"502","a24","b19",0.226650227630519,-0.0646544258128925,0.291304653443411
"503","a24","b20",0.393856601237774,-0.0646544258128925,0.458511027050666
"504","a24","pretest",-0.0646544258128925,-0.0646544258128925,0
"505","a25","b01",NA,NA,NA
"506","a25","b02",NA,NA,NA
"507","a25","b03",NA,NA,NA
"508","a25","b04",NA,NA,NA
"509","a25","b05",NA,NA,NA
"510","a25","b06",NA,NA,NA
"511","a25","b07",NA,NA,NA
"512","a25","b08",NA,NA,NA
"513","a25","b09",NA,NA,NA
"514","a25","b10",NA,NA,NA
"515","a25","b11",NA,NA,NA
"516","a25","b12",NA,NA,NA
"517","a25","b13",NA,NA,NA
"518","a25","b14",NA,NA,NA
"519","a25","b15",NA,NA,NA
"520","a25","b16",NA,NA,NA
"521","a25","b17",NA,NA,NA
"522","a25","b18",NA,NA,NA
"523","a25","b19",NA,NA,NA
"524","a25","b20",NA,NA,NA
"525","a25","pretest",NA,NA,NA
"526","a26","b01",0.548897246449766,0.607213041440546,-0.0583157949907795
"527","a26","b02",0.536637393906959,0.607213041440546,-0.0705756475335862
"528","a26","b03",0.527033090940224,0.607213041440546,-0.0801799505003215
"529","a26","b04",0.441384735177981,0.607213041440546,-0.165828306262565
"530","a26","b05",0.668334284454496,0.607213041440546,0.0611212430139507
"531","a26","b06",0.486082357906485,0.607213041440546,-0.12113068353406
"532","a26","b07",0.440556096287694,0.607213041440546,-0.166656945152851
"533","a26","b08",0.552016098266384,0.607213041440546,-0.0551969431741617
"534","a26","b09",0.471479248565594,0.607213041440546,-0.135733792874952
"535","a26","b10",0.608916058495059,0.607213041440546,0.00170301705451292
"536","a26","b11",0.601107267251095,0.607213041440546,-0.0061057741894508
"537","a26","b12",0.642664638600679,0.607213041440546,0.0354515971601331
"538","a26","b13",0.723759502694681,0.607213041440546,0.116546461254135
"539","a26","b14",0.57414690132013,0.607213041440546,-0.033066140120416
"540","a26","b15",0.705614930737487,0.607213041440546,0.0984018892969412
"541","a26","b16",0.475633229215866,0.607213041440546,-0.13157981222468
"542","a26","b17",0.377847627101725,0.607213041440546,-0.229365414338821
"543","a26","b18",0.491862430554485,0.607213041440546,-0.11535061088606
"544","a26","b19",0.449166079578783,0.607213041440546,-0.158046961861763
"545","a26","b20",0.601614803975878,0.607213041440546,-0.00559823746466737
"546","a26","pretest",0.607213041440546,0.607213041440546,0
"547","a27","b01",0.954823864148031,1.00142766735495,-0.0466038032069164
"548","a27","b02",1.02587949094757,1.00142766735495,0.024451823592627
"549","a27","b03",1.04580206389345,1.00142766735495,0.0443743965385044
"550","a27","b04",1.09338089066015,1.00142766735495,0.0919532233052043
"551","a27","b05",1.22496486831281,1.00142766735495,0.223537200957861
"552","a27","b06",1.09631077793409,1.00142766735495,0.0948831105791472
"553","a27","b07",1.01619830329796,1.00142766735495,0.0147706359430164
"554","a27","b08",1.12752720837515,1.00142766735495,0.126099541020207
"555","a27","b09",1.16948090841342,1.00142766735495,0.168053241058475
"556","a27","b10",1.15360727588454,1.00142766735495,0.152179608529595
"557","a27","b11",1.09173709835954,1.00142766735495,0.0903094310045958
"558","a27","b12",1.16572792131398,1.00142766735495,0.164300253959035
"559","a27","b13",1.28726657223596,1.00142766735495,0.285838904881012
"560","a27","b14",1.25468238064872,1.00142766735495,0.253254713293768
"561","a27","b15",1.38562443223555,1.00142766735495,0.384196764880606
"562","a27","b16",1.48207056089355,1.00142766735495,0.480642893538603
"563","a27","b17",1.48100616359351,1.00142766735495,0.479578496238565
"564","a27","b18",1.37388527135039,1.00142766735495,0.372457603995443
"565","a27","b19",1.17064385537894,1.00142766735495,0.169216188023988
"566","a27","b20",1.14033507728465,1.00142766735495,0.138907409929708
"567","a27","pretest",1.00142766735495,1.00142766735495,0
"568","a28","b01",0.90647205840843,0.603192993616546,0.303279064791884
"569","a28","b02",0.79556612503456,0.603192993616546,0.192373131418014
"570","a28","b03",1.00476672732163,0.603192993616546,0.401573733705086
"571","a28","b04",0.95769937363019,0.603192993616546,0.354506380013644
"572","a28","b05",1.03509975748988,0.603192993616546,0.431906763873331
"573","a28","b06",0.987093202743168,0.603192993616546,0.383900209126622
"574","a28","b07",0.962552778895996,0.603192993616546,0.35935978527945
"575","a28","b08",0.863510869196222,0.603192993616546,0.260317875579676
"576","a28","b09",0.979694462406002,0.603192993616546,0.376501468789456
"577","a28","b10",0.820502134229714,0.603192993616546,0.217309140613168
"578","a28","b11",0.982509051635842,0.603192993616546,0.379316058019296
"579","a28","b12",0.977509076499901,0.603192993616546,0.374316082883354
"580","a28","b13",0.934058955709519,0.603192993616546,0.330865962092973
"581","a28","b14",0.88604365119604,0.603192993616546,0.282850657579494
"582","a28","b15",0.939814809723227,0.603192993616546,0.336621816106681
"583","a28","b16",0.877458339281997,0.603192993616546,0.274265345665451
"584","a28","b17",0.885079899237857,0.603192993616546,0.281886905621311
"585","a28","b18",1.38304543712209,0.603192993616546,0.779852443505542
"586","a28","b19",1.15510469560603,0.603192993616546,0.55191170198948
"587","a28","b20",1.18691963373347,0.603192993616546,0.583726640116929
"588","a28","pretest",0.603192993616546,0.603192993616546,0
"589","a29","b01",1.15097614777349,1.20997686070382,-0.0590007129303298
"590","a29","b02",1.27752291112262,1.20997686070382,0.0675460504188012
"591","a29","b03",1.20651934964033,1.20997686070382,-0.00345751106349024
"592","a29","b04",1.32244689369655,1.20997686070382,0.112470032992724
"593","a29","b05",1.26632211561155,1.20997686070382,0.0563452549077303
"594","a29","b06",1.33012048488956,1.20997686070382,0.120143624185733
"595","a29","b07",1.23490974881545,1.20997686070382,0.0249328881116264
"596","a29","b08",1.33756894992941,1.20997686070382,0.127592089225592
"597","a29","b09",1.34365124602849,1.20997686070382,0.133674385324664
"598","a29","b10",1.50339070990785,1.20997686070382,0.293413849204027
"599","a29","b11",1.42948131562025,1.20997686070382,0.219504454916424
"600","a29","b12",1.48538142414002,1.20997686070382,0.275404563436196
"601","a29","b13",1.58883355383792,1.20997686070382,0.378856693134097
"602","a29","b14",1.43486545049797,1.20997686070382,0.224888589794144
"603","a29","b15",1.50684686617714,1.20997686070382,0.296870005473317
"604","a29","b16",1.71143100037144,1.20997686070382,0.501454139667617
"605","a29","b17",1.77171611000592,1.20997686070382,0.561739249302099
"606","a29","b18",1.7411353329853,1.20997686070382,0.531158472281472
"607","a29","b19",1.79999670137519,1.20997686070382,0.59001984067137
"608","a29","b20",1.54107463262372,1.20997686070382,0.331097771919897
"609","a29","pretest",1.20997686070382,1.20997686070382,0
"610","a30","b01",0.255091246482433,-0.209147295587391,0.464238542069825
"611","a30","b02",0.213075927619608,-0.209147295587391,0.422223223206999
"612","a30","b03",0.255692993615227,-0.209147295587391,0.464840289202618
"613","a30","b04",0.276422155704267,-0.209147295587391,0.485569451291658
"614","a30","b05",0.219717784484617,-0.209147295587391,0.428865080072009
"615","a30","b06",0.154491328139612,-0.209147295587391,0.363638623727003
"616","a30","b07",0.14443399712614,-0.209147295587391,0.353581292713531
"617","a30","b08",0.039675584819503,-0.209147295587391,0.248822880406894
"618","a30","b09",0.228375499933745,-0.209147295587391,0.437522795521137
"619","a30","b10",0.408240013340045,-0.209147295587391,0.617387308927436
"620","a30","b11",0.25762566332402,-0.209147295587391,0.466772958911411
"621","a30","b12",0.297297196476713,-0.209147295587391,0.506444492064104
"622","a30","b13",0.141637755744301,-0.209147295587391,0.350785051331692
"623","a30","b14",0.30623682242711,-0.209147295587391,0.515384118014501
"624","a30","b15",0.300215763298825,-0.209147295587391,0.509363058886217
"625","a30","b16",0.244461685659588,-0.209147295587391,0.453608981246979
"626","a30","b17",0.359804496471773,-0.209147295587391,0.568951792059165
"627","a30","b18",0.271988178538665,-0.209147295587391,0.481135474126057
"628","a30","b19",0.334166457647202,-0.209147295587391,0.543313753234594
"629","a30","b20",0.363255812873679,-0.209147295587391,0.572403108461071
"630","a30","pretest",-0.209147295587391,-0.209147295587391,0
"631","l01","b01",1.31087199918143,1.00683224266252,0.304039756518914
"632","l01","b02",1.22148885641375,1.00683224266252,0.214656613751234
"633","l01","b03",1.20347151796598,1.00683224266252,0.196639275303459
"634","l01","b04",1.24236337469277,1.00683224266252,0.235531132030254
"635","l01","b05",1.34973946800174,1.00683224266252,0.342907225339222
"636","l01","b06",1.42131670571578,1.00683224266252,0.414484463053266
"637","l01","b07",1.45434641780807,1.00683224266252,0.447514175145548
"638","l01","b08",1.42492149818054,1.00683224266252,0.41808925551802
"639","l01","b09",1.38946005171781,1.00683224266252,0.382627809055297
"640","l01","b10",1.24669648481333,1.00683224266252,0.239864242150811
"641","l01","b11",1.37762807519291,1.00683224266252,0.370795832530389
"642","l01","b12",1.53763512075439,1.00683224266252,0.530802878091875
"643","l01","b13",1.20589076451933,1.00683224266252,0.199058521856813
"644","l01","b14",1.38696786350607,1.00683224266252,0.380135620843554
"645","l01","b15",1.37757785827014,1.00683224266252,0.370745615607618
"646","l01","b16",1.34562787445991,1.00683224266252,0.338795631797391
"647","l01","b17",1.37295478640398,1.00683224266252,0.366122543741466
"648","l01","b18",1.39496599738443,1.00683224266252,0.388133754721917
"649","l01","b19",1.49531624894954,1.00683224266252,0.488484006287019
"650","l01","b20",1.32266413274468,1.00683224266252,0.315831890082164
"651","l01","pretest",1.00683224266252,1.00683224266252,0
"652","l02","b01",1.97411817649281,1.28043441571929,0.693683760773512
"653","l02","b02",1.49062840057404,1.28043441571929,0.210193984854741
"654","l02","b03",1.58609005498499,1.28043441571929,0.305655639265697
"655","l02","b04",1.55866506352672,1.28043441571929,0.27823064780743
"656","l02","b05",1.65077668154896,1.28043441571929,0.370342265829662
"657","l02","b06",1.55795235808387,1.28043441571929,0.277517942364575
"658","l02","b07",1.60535887292031,1.28043441571929,0.324924457201016
"659","l02","b08",1.58586106904645,1.28043441571929,0.305426653327159
"660","l02","b09",1.72969213750197,1.28043441571929,0.449257721782678
"661","l02","b10",1.60142790609031,1.28043441571929,0.320993490371015
"662","l02","b11",1.30953945918437,1.28043441571929,0.0291050434650773
"663","l02","b12",1.53948135475505,1.28043441571929,0.259046939035757
"664","l02","b13",1.49519366681259,1.28043441571929,0.214759251093299
"665","l02","b14",1.51835013324348,1.28043441571929,0.237915717524187
"666","l02","b15",1.44900089287692,1.28043441571929,0.168566477157629
"667","l02","b16",1.57154049409999,1.28043441571929,0.291106078380699
"668","l02","b17",1.52117848333303,1.28043441571929,0.240744067613733
"669","l02","b18",1.66772704084049,1.28043441571929,0.387292625121198
"670","l02","b19",1.62729693225772,1.28043441571929,0.346862516538422
"671","l02","b20",1.51441579553015,1.28043441571929,0.233981379810853
"672","l02","pretest",1.28043441571929,1.28043441571929,0
"673","l03","b01",0.652174216494261,0.485031732501689,0.167142483992572
"674","l03","b02",0.730696819708119,0.485031732501689,0.24566508720643
"675","l03","b03",0.807010507053256,0.485031732501689,0.321978774551567
"676","l03","b04",0.754757238899398,0.485031732501689,0.269725506397709
"677","l03","b05",0.750897100438127,0.485031732501689,0.265865367936438
"678","l03","b06",0.861966467107708,0.485031732501689,0.376934734606019
"679","l03","b07",0.703135682587392,0.485031732501689,0.218103950085703
"680","l03","b08",0.714926168645047,0.485031732501689,0.229894436143358
"681","l03","b09",0.755302991569518,0.485031732501689,0.270271259067829
"682","l03","b10",0.674429128678735,0.485031732501689,0.189397396177046
"683","l03","b11",0.661111476354205,0.485031732501689,0.176079743852516
"684","l03","b12",0.675647423506592,0.485031732501689,0.190615691004903
"685","l03","b13",0.691839708615148,0.485031732501689,0.206807976113459
"686","l03","b14",0.58212175023166,0.485031732501689,0.0970900177299709
"687","l03","b15",0.928703778445809,0.485031732501689,0.44367204594412
"688","l03","b16",0.881036091521634,0.485031732501689,0.396004359019945
"689","l03","b17",0.549035504197282,0.485031732501689,0.0640037716955932
"690","l03","b18",0.659911837234283,0.485031732501689,0.174880104732594
"691","l03","b19",0.786243759033965,0.485031732501689,0.301212026532276
"692","l03","b20",0.766513708086617,0.485031732501689,0.281481975584928
"693","l03","pretest",0.485031732501689,0.485031732501689,0
"694","l04","b01",1.59898284786102,1.47402266114578,0.124960186715238
"695","l04","b02",1.66411754638919,1.47402266114578,0.19009488524341
"696","l04","b03",1.61183869135782,1.47402266114578,0.137816030212042
"697","l04","b04",1.68954858216724,1.47402266114578,0.215525921021457
"698","l04","b05",1.68327151019136,1.47402266114578,0.209248849045578
"699","l04","b06",1.81706427546475,1.47402266114578,0.343041614318966
"700","l04","b07",1.70771049685768,1.47402266114578,0.233687835711896
"701","l04","b08",1.730062903219,1.47402266114578,0.256040242073214
"702","l04","b09",1.65008616831976,1.47402266114578,0.176063507173977
"703","l04","b10",1.65025146389662,1.47402266114578,0.176228802750838
"704","l04","b11",1.7292303971003,1.47402266114578,0.25520773595452
"705","l04","b12",1.70132083274746,1.47402266114578,0.227298171601683
"706","l04","b13",1.61355793765898,1.47402266114578,0.1395352765132
"707","l04","b14",1.81879503511127,1.47402266114578,0.344772373965494
"708","l04","b15",1.72458711337461,1.47402266114578,0.250564452228833
"709","l04","b16",1.77150757707206,1.47402266114578,0.29748491592628
"710","l04","b17",1.83712025850151,1.47402266114578,0.363097597355731
"711","l04","b18",1.65894943482445,1.47402266114578,0.184926773678666
"712","l04","b19",1.67753342284841,1.47402266114578,0.203510761702627
"713","l04","b20",1.49823000435506,1.47402266114578,0.0242073432092786
"714","l04","pretest",1.47402266114578,1.47402266114578,0
"715","l05","b01",0.490463588119266,0.449963152449453,0.040500435669813
"716","l05","b02",0.639908018361298,0.449963152449453,0.189944865911845
"717","l05","b03",0.532789591321041,0.449963152449453,0.0828264388715882
"718","l05","b04",0.47344139386208,0.449963152449453,0.0234782414126276
"719","l05","b05",0.59482569576167,0.449963152449453,0.144862543312217
"720","l05","b06",0.667581110600085,0.449963152449453,0.217617958150632
"721","l05","b07",0.576261064080606,0.449963152449453,0.126297911631153
"722","l05","b08",0.519848353897957,0.449963152449453,0.0698852014485042
"723","l05","b09",0.647220100774756,0.449963152449453,0.197256948325303
"724","l05","b10",0.822033926726886,0.449963152449453,0.372070774277433
"725","l05","b11",0.526181860511207,0.449963152449453,0.076218708061754
"726","l05","b12",0.418929627496355,0.449963152449453,-0.0310335249530981
"727","l05","b13",0.547470351590964,0.449963152449453,0.0975071991415117
"728","l05","b14",0.562062233252564,0.449963152449453,0.112099080803111
"729","l05","b15",0.431000500545444,0.449963152449453,-0.0189626519040089
"730","l05","b16",0.46791670967533,0.449963152449453,0.0179535572258776
"731","l05","b17",0.518846227246774,0.449963152449453,0.0688830747973211
"732","l05","b18",0.636800301839877,0.449963152449453,0.186837149390424
"733","l05","b19",0.670513152487781,0.449963152449453,0.220550000038329
"734","l05","b20",0.532929300128162,0.449963152449453,0.0829661476787094
"735","l05","pretest",0.449963152449453,0.449963152449453,0
"736","l06","b01",-1.58259527415486,-1.2563909040371,-0.326204370117769
"737","l06","b02",-1.62980745666369,-1.2563909040371,-0.373416552626593
"738","l06","b03",-1.52176386926614,-1.2563909040371,-0.265372965229041
"739","l06","b04",-1.61445258294341,-1.2563909040371,-0.358061678906314
"740","l06","b05",-1.51078016092267,-1.2563909040371,-0.254389256885577
"741","l06","b06",-1.37788577810199,-1.2563909040371,-0.121494874064892
"742","l06","b07",-1.70762586442888,-1.2563909040371,-0.451234960391789
"743","l06","b08",-1.60140328536349,-1.2563909040371,-0.345012381326399
"744","l06","b09",-1.75451787879094,-1.2563909040371,-0.49812697475384
"745","l06","b10",-1.73208875669959,-1.2563909040371,-0.475697852662499
"746","l06","b11",-1.57956998239987,-1.2563909040371,-0.323179078362773
"747","l06","b12",-1.52291190247003,-1.2563909040371,-0.266520998432935
"748","l06","b13",-1.63024694009958,-1.2563909040371,-0.37385603606249
"749","l06","b14",-1.68815098067893,-1.2563909040371,-0.431760076641839
"750","l06","b15",-1.69525067726854,-1.2563909040371,-0.43885977323144
"751","l06","b16",-1.65684159639047,-1.2563909040371,-0.400450692353372
"752","l06","b17",-1.5674881447379,-1.2563909040371,-0.311097240700802
"753","l06","b18",-1.53682452173674,-1.2563909040371,-0.280433617699647
"754","l06","b19",-1.54457783582311,-1.2563909040371,-0.288186931786015
"755","l06","b20",-1.84768997299993,-1.2563909040371,-0.59129906896283
"756","l06","pretest",-1.2563909040371,-1.2563909040371,0
"757","l07","b01",0.70358376564711,0.46937427004753,0.23420949559958
"758","l07","b02",0.685031350354361,0.46937427004753,0.215657080306831
"759","l07","b03",0.669263058639271,0.46937427004753,0.199888788591741
"760","l07","b04",0.575648486815792,0.46937427004753,0.106274216768262
"761","l07","b05",0.665444639123535,0.46937427004753,0.196070369076005
"762","l07","b06",0.709937095557757,0.46937427004753,0.240562825510227
"763","l07","b07",0.82080519870254,0.46937427004753,0.351430928655009
"764","l07","b08",0.674242276927591,0.46937427004753,0.20486800688006
"765","l07","b09",0.638316688334002,0.46937427004753,0.168942418286471
"766","l07","b10",0.454468773032073,0.46937427004753,-0.0149054970154573
"767","l07","b11",0.445255964723443,0.46937427004753,-0.0241183053240875
"768","l07","b12",0.668009883305361,0.46937427004753,0.198635613257831
"769","l07","b13",0.474407523188593,0.46937427004753,0.00503325314106251
"770","l07","b14",0.518001463321688,0.46937427004753,0.0486271932741578
"771","l07","b15",0.728759860264737,0.46937427004753,0.259385590217206
"772","l07","b16",0.538265052397393,0.46937427004753,0.068890782349863
"773","l07","b17",0.712028688165671,0.46937427004753,0.242654418118141
"774","l07","b18",0.648067346943365,0.46937427004753,0.178693076895835
"775","l07","b19",0.648135605206703,0.46937427004753,0.178761335159173
"776","l07","b20",0.700595700599123,0.46937427004753,0.231221430551592
"777","l07","pretest",0.46937427004753,0.46937427004753,0
"778","l08","b01",0.717666870020834,0.46937427004753,0.248292599973303
"779","l08","b02",0.58458739260736,0.46937427004753,0.11521312255983
"780","l08","b03",0.58036250837831,0.46937427004753,0.11098823833078
"781","l08","b04",0.571085491229152,0.46937427004753,0.101711221181622
"782","l08","b05",0.660971784946442,0.46937427004753,0.191597514898912
"783","l08","b06",0.464614104993291,0.46937427004753,-0.00476016505423948
"784","l08","b07",0.466067995021663,0.46937427004753,-0.00330627502586728
"785","l08","b08",0.414375807231686,0.46937427004753,-0.0549984628158447
"786","l08","b09",0.387355221674141,0.46937427004753,-0.0820190483733897
"787","l08","b10",0.378907541533504,0.46937427004753,-0.090466728514026
"788","l08","b11",0.478024741975889,0.46937427004753,0.00865047192835899
"789","l08","b12",0.601162323529881,0.46937427004753,0.131788053482351
"790","l08","b13",0.585253180067865,0.46937427004753,0.115878910020334
"791","l08","b14",0.613119624064733,0.46937427004753,0.143745354017202
"792","l08","b15",0.611160867177303,0.46937427004753,0.141786597129773
"793","l08","b16",0.508449670089122,0.46937427004753,0.0390754000415913
"794","l08","b17",0.765720595311886,0.46937427004753,0.296346325264356
"795","l08","b18",0.733495194063153,0.46937427004753,0.264120924015623
"796","l08","b19",0.68360978091356,0.46937427004753,0.21423551086603
"797","l08","b20",0.761378178397933,0.46937427004753,0.292003908350402
"798","l08","pretest",0.46937427004753,0.46937427004753,0
"799","l09","b01",0.804132651817766,0.537912147167327,0.266220504650439
"800","l09","b02",0.661139466374463,0.537912147167327,0.123227319207136
"801","l09","b03",0.68779135571669,0.537912147167327,0.149879208549363
"802","l09","b04",0.621099478397897,0.537912147167327,0.0831873312305696
"803","l09","b05",0.764747416744862,0.537912147167327,0.226835269577535
"804","l09","b06",0.687904617776368,0.537912147167327,0.149992470609041
"805","l09","b07",0.727954027541552,0.537912147167327,0.190041880374225
"806","l09","b08",0.666541021011085,0.537912147167327,0.128628873843758
"807","l09","b09",0.709052805289927,0.537912147167327,0.1711406581226
"808","l09","b10",0.641679234952749,0.537912147167327,0.103767087785422
"809","l09","b11",0.682794380478631,0.537912147167327,0.144882233311304
"810","l09","b12",0.867236223918954,0.537912147167327,0.329324076751627
"811","l09","b13",0.65137417555182,0.537912147167327,0.113462028384493
"812","l09","b14",0.66104412519595,0.537912147167327,0.123131978028623
"813","l09","b15",0.743041362685492,0.537912147167327,0.205129215518164
"814","l09","b16",0.854690575951018,0.537912147167327,0.316778428783691
"815","l09","b17",0.755592199217759,0.537912147167327,0.217680052050432
"816","l09","b18",0.624876865802522,0.537912147167327,0.0869647186351946
"817","l09","b19",0.822015356507259,0.537912147167327,0.284103209339931
"818","l09","b20",0.763366210381012,0.537912147167327,0.225454063213684
"819","l09","pretest",0.537912147167327,0.537912147167327,0
"820","l10","b01",0.65734839472944,0.390263310750251,0.267085083979189
"821","l10","b02",0.67735493770102,0.390263310750251,0.287091626950768
"822","l10","b03",0.577465605432584,0.390263310750251,0.187202294682332
"823","l10","b04",0.818053145104639,0.390263310750251,0.427789834354388
"824","l10","b05",0.650364308028972,0.390263310750251,0.26010099727872
"825","l10","b06",0.700734624455566,0.390263310750251,0.310471313705315
"826","l10","b07",0.777580642289053,0.390263310750251,0.387317331538802
"827","l10","b08",0.652805327986749,0.390263310750251,0.262542017236497
"828","l10","b09",0.81960837950459,0.390263310750251,0.429345068754339
"829","l10","b10",0.709828962928632,0.390263310750251,0.31956565217838
"830","l10","b11",0.583529323812065,0.390263310750251,0.193266013061814
"831","l10","b12",0.606397252765667,0.390263310750251,0.216133942015415
"832","l10","b13",0.679987562478497,0.390263310750251,0.289724251728246
"833","l10","b14",0.619997545748771,0.390263310750251,0.229734234998519
"834","l10","b15",0.649245710697521,0.390263310750251,0.25898239994727
"835","l10","b16",0.424754323417978,0.390263310750251,0.0344910126677261
"836","l10","b17",0.629519662118753,0.390263310750251,0.239256351368501
"837","l10","b18",0.664089607251395,0.390263310750251,0.273826296501144
"838","l10","b19",0.66887264467811,0.390263310750251,0.278609333927859
"839","l10","b20",0.44736098493163,0.390263310750251,0.0570976741813782
"840","l10","pretest",0.390263310750251,0.390263310750251,0
"841","l11","b01",0.860487951082167,1.04134092272495,-0.180852971642783
"842","l11","b02",0.958652719630538,1.04134092272495,-0.0826882030944122
"843","l11","b03",0.938505220172582,1.04134092272495,-0.102835702552369
"844","l11","b04",0.845925163562446,1.04134092272495,-0.195415759162504
"845","l11","b05",0.866358095280603,1.04134092272495,-0.174982827444347
"846","l11","b06",0.78710522209569,1.04134092272495,-0.254235700629261
"847","l11","b07",0.811715602742647,1.04134092272495,-0.229625319982304
"848","l11","b08",0.878940549701915,1.04134092272495,-0.162400373023035
"849","l11","b09",0.829262938230113,1.04134092272495,-0.212077984494838
"850","l11","b10",1.07586805181243,1.04134092272495,0.0345271290874798
"851","l11","b11",0.914207193621077,1.04134092272495,-0.127133729103874
"852","l11","b12",0.800321527659967,1.04134092272495,-0.241019395064983
"853","l11","b13",0.780388534145212,1.04134092272495,-0.260952388579739
"854","l11","b14",0.806913576575288,1.04134092272495,-0.234427346149663
"855","l11","b15",1.02642483200751,1.04134092272495,-0.0149160907174397
"856","l11","b16",0.780133880189569,1.04134092272495,-0.261207042535381
"857","l11","b17",0.837338790021411,1.04134092272495,-0.20400213270354
"858","l11","b18",1.07131823484377,1.04134092272495,0.0299773121188183
"859","l11","b19",1.01471917425154,1.04134092272495,-0.0266217484734128
"860","l11","b20",0.835633953884384,1.04134092272495,-0.205706968840567
"861","l11","pretest",1.04134092272495,1.04134092272495,0
"862","l12","b01",-0.392468776998256,-0.815878157112642,0.423409380114386
"863","l12","b02",-0.432555746797176,-0.815878157112642,0.383322410315465
"864","l12","b03",-0.309623930081729,-0.815878157112642,0.506254227030912
"865","l12","b04",-0.56505707046115,-0.815878157112642,0.250821086651491
"866","l12","b05",-0.482913981913618,-0.815878157112642,0.332964175199023
"867","l12","b06",-0.260575533201228,-0.815878157112642,0.555302623911414
"868","l12","b07",-0.377820944027096,-0.815878157112642,0.438057213085545
"869","l12","b08",-0.411427280794489,-0.815878157112642,0.404450876318153
"870","l12","b09",-0.317297042065801,-0.815878157112642,0.49858111504684
"871","l12","b10",-0.32673582972941,-0.815878157112642,0.489142327383232
"872","l12","b11",-0.421228633656847,-0.815878157112642,0.394649523455795
"873","l12","b12",-0.451702958732953,-0.815878157112642,0.364175198379689
"874","l12","b13",-0.401650656220548,-0.815878157112642,0.414227500892094
"875","l12","b14",-0.400737751770668,-0.815878157112642,0.415140405341974
"876","l12","b15",-0.331153907884621,-0.815878157112642,0.48472424922802
"877","l12","b16",-0.437476268354839,-0.815878157112642,0.378401888757803
"878","l12","b17",-0.487059066839071,-0.815878157112642,0.328819090273571
"879","l12","b18",-0.476290124514871,-0.815878157112642,0.339588032597771
"880","l12","b19",-0.442363698684468,-0.815878157112642,0.373514458428174
"881","l12","b20",-0.572116530546588,-0.815878157112642,0.243761626566054
"882","l12","pretest",-0.815878157112642,-0.815878157112642,0
"883","l13","b01",0.605355535619822,0.280670268616966,0.324685267002856
"884","l13","b02",0.54266916957934,0.280670268616966,0.261998900962374
"885","l13","b03",0.641786999279582,0.280670268616966,0.361116730662616
"886","l13","b04",0.519483857159031,0.280670268616966,0.238813588542065
"887","l13","b05",0.452956208011959,0.280670268616966,0.172285939394993
"888","l13","b06",0.487746225523852,0.280670268616966,0.207075956906887
"889","l13","b07",0.442525068241007,0.280670268616966,0.161854799624042
"890","l13","b08",0.531824297525354,0.280670268616966,0.251154028908389
"891","l13","b09",0.482183345516763,0.280670268616966,0.201513076899797
"892","l13","b10",0.646351625326495,0.280670268616966,0.36568135670953
"893","l13","b11",0.389260027906349,0.280670268616966,0.108589759289384
"894","l13","b12",0.431143252739309,0.280670268616966,0.150472984122343
"895","l13","b13",0.571395075166424,0.280670268616966,0.290724806549459
"896","l13","b14",0.559013771387682,0.280670268616966,0.278343502770717
"897","l13","b15",0.480259397159131,0.280670268616966,0.199589128542165
"898","l13","b16",0.398739085289635,0.280670268616966,0.118068816672669
"899","l13","b17",0.601177646365123,0.280670268616966,0.320507377748158
"900","l13","b18",0.392623642851383,0.280670268616966,0.111953374234417
"901","l13","b19",0.48719449748329,0.280670268616966,0.206524228866325
"902","l13","b20",0.55761536314107,0.280670268616966,0.276945094524104
"903","l13","pretest",0.280670268616966,0.280670268616966,0
"904","l14","b01",0.64214633630818,0.674549932233308,-0.0324035959251282
"905","l14","b02",0.611639096724434,0.674549932233308,-0.0629108355088739
"906","l14","b03",0.67927582591564,0.674549932233308,0.00472589368233134
"907","l14","b04",0.701329718368929,0.674549932233308,0.026779786135621
"908","l14","b05",0.632579287749319,0.674549932233308,-0.0419706444839887
"909","l14","b06",0.575632537369848,0.674549932233308,-0.0989173948634602
"910","l14","b07",0.598734330196485,0.674549932233308,-0.0758156020368236
"911","l14","b08",0.694198587268606,0.674549932233308,0.0196486550352979
"912","l14","b09",0.593947449945189,0.674549932233308,-0.0806024822881194
"913","l14","b10",0.573922927958363,0.674549932233308,-0.100627004274945
"914","l14","b11",0.710499433938323,0.674549932233308,0.0359495017050151
"915","l14","b12",0.717936529766407,0.674549932233308,0.0433865975330991
"916","l14","b13",0.696401916163798,0.674549932233308,0.0218519839304896
"917","l14","b14",0.62236084348425,0.674549932233308,-0.0521890887490584
"918","l14","b15",0.579128654751741,0.674549932233308,-0.0954212774815676
"919","l14","b16",0.708091303620076,0.674549932233308,0.0335413713867676
"920","l14","b17",0.645042329791218,0.674549932233308,-0.0295076024420899
"921","l14","b18",0.681782095891926,0.674549932233308,0.00723216365861767
"922","l14","b19",0.70067705392955,0.674549932233308,0.0261271216962423
"923","l14","b20",0.573650689458416,0.674549932233308,-0.100899242774892
"924","l14","pretest",0.674549932233308,0.674549932233308,0
"925","l15","b01",0.769422961325516,0.44115456659917,0.328268394726347
"926","l15","b02",0.662612677020584,0.44115456659917,0.221458110421414
"927","l15","b03",0.657343647659991,0.44115456659917,0.216189081060822
"928","l15","b04",0.730897664454348,0.44115456659917,0.289743097855179
"929","l15","b05",0.766110629115478,0.44115456659917,0.324956062516308
"930","l15","b06",0.567375968059299,0.44115456659917,0.126221401460129
"931","l15","b07",0.851711821066203,0.44115456659917,0.410557254467034
"932","l15","b08",0.556539193016614,0.44115456659917,0.115384626417444
"933","l15","b09",0.714607456698652,0.44115456659917,0.273452890099482
"934","l15","b10",0.662531847627642,0.44115456659917,0.221377281028473
"935","l15","b11",0.619635161489723,0.44115456659917,0.178480594890553
"936","l15","b12",0.578324804817694,0.44115456659917,0.137170238218525
"937","l15","b13",0.714780534288902,0.44115456659917,0.273625967689732
"938","l15","b14",0.393001347356693,0.44115456659917,-0.0481532192424764
"939","l15","b15",0.621717262811753,0.44115456659917,0.180562696212583
"940","l15","b16",0.718550749418973,0.44115456659917,0.277396182819803
"941","l15","b17",0.740808107752618,0.44115456659917,0.299653541153448
"942","l15","b18",0.829156302278854,0.44115456659917,0.388001735679684
"943","l15","b19",0.579225534046865,0.44115456659917,0.138070967447695
"944","l15","b20",0.640241718472805,0.44115456659917,0.199087151873635
"945","l15","pretest",0.44115456659917,0.44115456659917,0
"946","l16","b01",1.62263576273634,1.50999203988756,0.112643722848775
"947","l16","b02",1.64894564418584,1.50999203988756,0.13895360429828
"948","l16","b03",1.7179795726811,1.50999203988756,0.207987532793537
"949","l16","b04",1.671731558633,1.50999203988756,0.161739518745443
"950","l16","b05",1.7716619878159,1.50999203988756,0.261669947928343
"951","l16","b06",1.6978895993045,1.50999203988756,0.187897559416939
"952","l16","b07",1.69066456108684,1.50999203988756,0.180672521199282
"953","l16","b08",1.79364608745134,1.50999203988756,0.283654047563783
"954","l16","b09",1.61710213443774,1.50999203988756,0.107110094550178
"955","l16","b10",1.70245874542441,1.50999203988756,0.192466705536852
"956","l16","b11",1.72610955760618,1.50999203988756,0.216117517718617
"957","l16","b12",1.6147327846334,1.50999203988756,0.104740744745845
"958","l16","b13",1.79228569221488,1.50999203988756,0.282293652327323
"959","l16","b14",1.74191390174689,1.50999203988756,0.231921861859332
"960","l16","b15",1.84846941057121,1.50999203988756,0.33847737068365
"961","l16","b16",1.73536645666083,1.50999203988756,0.225374416773265
"962","l16","b17",1.63978668421692,1.50999203988756,0.129794644329364
"963","l16","b18",1.7277225781887,1.50999203988756,0.217730538301141
"964","l16","b19",1.75788273170565,1.50999203988756,0.247890691818088
"965","l16","b20",1.70513393343862,1.50999203988756,0.195141893551058
"966","l16","pretest",1.50999203988756,1.50999203988756,0
"967","l17","b01",0.85700220964058,0.754623796523144,0.102378413117436
"968","l17","b02",0.934134424780741,0.754623796523144,0.179510628257597
"969","l17","b03",0.890181268953088,0.754623796523144,0.135557472429944
"970","l17","b04",0.901126944532169,0.754623796523144,0.146503148009025
"971","l17","b05",0.940995719162807,0.754623796523144,0.186371922639664
"972","l17","b06",0.90208643082738,0.754623796523144,0.147462634304237
"973","l17","b07",0.802065287303162,0.754623796523144,0.0474414907800186
"974","l17","b08",0.889409823039884,0.754623796523144,0.134786026516741
"975","l17","b09",0.977012684590419,0.754623796523144,0.222388888067275
"976","l17","b10",0.829431432868044,0.754623796523144,0.0748076363449007
"977","l17","b11",0.894208786575271,0.754623796523144,0.139584990052127
"978","l17","b12",0.935817302636504,0.754623796523144,0.181193506113361
"979","l17","b13",0.895835598713009,0.754623796523144,0.141211802189865
"980","l17","b14",0.979480013063085,0.754623796523144,0.224856216539942
"981","l17","b15",0.866060091619543,0.754623796523144,0.111436295096399
"982","l17","b16",0.821855135615349,0.754623796523144,0.0672313390922048
"983","l17","b17",0.834648970062431,0.754623796523144,0.0800251735392874
"984","l17","b18",1.05633300380897,0.754623796523144,0.30170920728583
"985","l17","b19",0.920592258476299,0.754623796523144,0.165968461953155
"986","l17","b20",0.943929826443881,0.754623796523144,0.189306029920737
"987","l17","pretest",0.754623796523144,0.754623796523144,0
"988","l18","b01",1.02225252343637,0.820450608736082,0.201801914700284
"989","l18","b02",0.994063980070116,0.820450608736082,0.173613371334034
"990","l18","b03",1.04259932948627,0.820450608736082,0.222148720750184
"991","l18","b04",0.958273539183069,0.820450608736082,0.137822930446987
"992","l18","b05",0.888664391745405,0.820450608736082,0.0682137830093233
"993","l18","b06",0.835442512852144,0.820450608736082,0.0149919041160618
"994","l18","b07",0.900746894082914,0.820450608736082,0.0802962853468323
"995","l18","b08",1.05151402502495,0.820450608736082,0.231063416288864
"996","l18","b09",0.975261887375478,0.820450608736082,0.154811278639396
"997","l18","b10",1.03719884648384,0.820450608736082,0.216748237747762
"998","l18","b11",0.944147565580355,0.820450608736082,0.123696956844273
"999","l18","b12",0.922706224948281,0.820450608736082,0.102255616212199
"1000","l18","b13",1.06473709391465,0.820450608736082,0.244286485178568
"1001","l18","b14",1.10015084337404,0.820450608736082,0.279700234637959
"1002","l18","b15",1.00899705866109,0.820450608736082,0.188546449925005
"1003","l18","b16",1.01190844151105,0.820450608736082,0.191457832774966
"1004","l18","b17",1.00360714139501,0.820450608736082,0.183156532658933
"1005","l18","b18",0.932627675761866,0.820450608736082,0.112177067025784
"1006","l18","b19",0.942692022070102,0.820450608736082,0.12224141333402
"1007","l18","b20",0.874651920501687,0.820450608736082,0.0542013117656051
"1008","l18","pretest",0.820450608736082,0.820450608736082,0
"1009","l19","b01",0.884603584703057,0.236297563523018,0.648306021180039
"1010","l19","b02",0.941744033089166,0.236297563523018,0.705446469566148
"1011","l19","b03",0.815944038752875,0.236297563523018,0.579646475229858
"1012","l19","b04",0.777626532177989,0.236297563523018,0.541328968654971
"1013","l19","b05",0.766055319374746,0.236297563523018,0.529757755851728
"1014","l19","b06",1.0624392434918,0.236297563523018,0.826141679968778
"1015","l19","b07",0.989656893697171,0.236297563523018,0.753359330174153
"1016","l19","b08",0.761978639371103,0.236297563523018,0.525681075848085
"1017","l19","b09",1.07241048719719,0.236297563523018,0.836112923674168
"1018","l19","b10",0.958957528905268,0.236297563523018,0.72265996538225
"1019","l19","b11",0.923250748554568,0.236297563523018,0.686953185031551
"1020","l19","b12",1.04255394260648,0.236297563523018,0.806256379083465
"1021","l19","b13",0.956604838904663,0.236297563523018,0.720307275381646
"1022","l19","b14",0.639587495012271,0.236297563523018,0.403289931489254
"1023","l19","b15",0.903114138020032,0.236297563523018,0.666816574497014
"1024","l19","b16",1.06352463311167,0.236297563523018,0.827227069588651
"1025","l19","b17",0.964235775351074,0.236297563523018,0.727938211828057
"1026","l19","b18",0.964930399790967,0.236297563523018,0.72863283626795
"1027","l19","b19",0.835666964203723,0.236297563523018,0.599369400680706
"1028","l19","b20",0.936415753123341,0.236297563523018,0.700118189600324
"1029","l19","pretest",0.236297563523018,0.236297563523018,0
"1030","l20","b01",0.257640232275597,-0.0762409987074733,0.33388123098307
"1031","l20","b02",0.279415537302139,-0.0762409987074733,0.355656536009613
"1032","l20","b03",0.309111127633475,-0.0762409987074733,0.385352126340948
"1033","l20","b04",0.387979692591171,-0.0762409987074733,0.464220691298644
"1034","l20","b05",0.381595220759545,-0.0762409987074733,0.457836219467019
"1035","l20","b06",0.294051844199957,-0.0762409987074733,0.37029284290743
"1036","l20","b07",0.186606045443521,-0.0762409987074733,0.262847044150994
"1037","l20","b08",0.221244422455338,-0.0762409987074733,0.297485421162811
"1038","l20","b09",0.108959873501928,-0.0762409987074733,0.185200872209401
"1039","l20","b10",0.209162767293709,-0.0762409987074733,0.285403766001182
"1040","l20","b11",0.171692989435934,-0.0762409987074733,0.247933988143408
"1041","l20","b12",0.371054460061765,-0.0762409987074733,0.447295458769239
"1042","l20","b13",0.172617034532147,-0.0762409987074733,0.248858033239621
"1043","l20","b14",0.398888369796207,-0.0762409987074733,0.47512936850368
"1044","l20","b15",0.407933137578226,-0.0762409987074733,0.484174136285699
"1045","l20","b16",0.253045437215703,-0.0762409987074733,0.329286435923177
"1046","l20","b17",0.1124437446697,-0.0762409987074733,0.188684743377173
"1047","l20","b18",0.288382679501528,-0.0762409987074733,0.364623678209002
"1048","l20","b19",0.270046668125256,-0.0762409987074733,0.346287666832729
"1049","l20","b20",0.366354359415995,-0.0762409987074733,0.442595358123468
"1050","l20","pretest",-0.0762409987074733,-0.0762409987074733,0
"1051","l21","b01",0.958010042905236,0.834928499776328,0.123081543128908
"1052","l21","b02",1.14453910414498,0.834928499776328,0.30961060436865
"1053","l21","b03",1.09532089804089,0.834928499776328,0.260392398264558
"1054","l21","b04",1.08358220062965,0.834928499776328,0.248653700853327
"1055","l21","b05",1.20189377430798,0.834928499776328,0.366965274531656
"1056","l21","b06",1.04972292303363,0.834928499776328,0.214794423257301
"1057","l21","b07",1.13454924835222,0.834928499776328,0.299620748575894
"1058","l21","b08",1.00416581914726,0.834928499776328,0.169237319370935
"1059","l21","b09",1.43165711981434,0.834928499776328,0.596728620038008
"1060","l21","b10",1.32886222115186,0.834928499776328,0.493933721375529
"1061","l21","b11",1.17732860205751,0.834928499776328,0.342400102281186
"1062","l21","b12",1.16727181209929,0.834928499776328,0.332343312322959
"1063","l21","b13",1.28864973413522,0.834928499776328,0.453721234358892
"1064","l21","b14",1.15460884748374,0.834928499776328,0.31968034770741
"1065","l21","b15",1.00287528962876,0.834928499776328,0.16794678985243
"1066","l21","b16",1.10129655956999,0.834928499776328,0.266368059793666
"1067","l21","b17",1.30516230452946,0.834928499776328,0.470233804753135
"1068","l21","b18",1.16884273106505,0.834928499776328,0.333914231288723
"1069","l21","b19",1.05000543940809,0.834928499776328,0.215076939631767
"1070","l21","b20",1.35683786053681,0.834928499776328,0.521909360760484
"1071","l21","pretest",0.834928499776328,0.834928499776328,0
"1072","l22","b01",0.792522784977722,0.612784851792001,0.179737933185721
"1073","l22","b02",0.839818482426702,0.612784851792001,0.227033630634701
"1074","l22","b03",0.845980855530388,0.612784851792001,0.233196003738387
"1075","l22","b04",0.78333054389336,0.612784851792001,0.170545692101358
"1076","l22","b05",0.794289588114058,0.612784851792001,0.181504736322057
"1077","l22","b06",0.766221617426134,0.612784851792001,0.153436765634133
"1078","l22","b07",1.03190630114531,0.612784851792001,0.419121449353313
"1079","l22","b08",0.875929483313374,0.612784851792001,0.263144631521373
"1080","l22","b09",0.951486905594381,0.612784851792001,0.338702053802379
"1081","l22","b10",0.895103804221221,0.612784851792001,0.28231895242922
"1082","l22","b11",0.884956620660185,0.612784851792001,0.272171768868184
"1083","l22","b12",0.708173568139957,0.612784851792001,0.0953887163479551
"1084","l22","b13",1.01007269679925,0.612784851792001,0.397287845007246
"1085","l22","b14",1.03326535195013,0.612784851792001,0.420480500158129
"1086","l22","b15",1.10915663117256,0.612784851792001,0.496371779380561
"1087","l22","b16",0.971209895217066,0.612784851792001,0.358425043425065
"1088","l22","b17",0.784818113492264,0.612784851792001,0.172033261700263
"1089","l22","b18",0.855891078027882,0.612784851792001,0.24310622623588
"1090","l22","b19",0.805635248579352,0.612784851792001,0.192850396787351
"1091","l22","b20",0.952972890676613,0.612784851792001,0.340188038884611
"1092","l22","pretest",0.612784851792001,0.612784851792001,0
"1093","l23","b01",0.806494599331429,0.722293577094719,0.0842010222367107
"1094","l23","b02",0.749532820406494,0.722293577094719,0.0272392433117751
"1095","l23","b03",0.635546734074668,0.722293577094719,-0.0867468430200504
"1096","l23","b04",0.889702273071407,0.722293577094719,0.167408695976688
"1097","l23","b05",0.816364731104148,0.722293577094719,0.0940711540094294
"1098","l23","b06",0.736615473004347,0.722293577094719,0.0143218959096287
"1099","l23","b07",0.60193014685013,0.722293577094719,-0.120363430244589
"1100","l23","b08",0.603876205170048,0.722293577094719,-0.118417371924671
"1101","l23","b09",0.715388242442787,0.722293577094719,-0.00690533465193199
"1102","l23","b10",0.917711516233364,0.722293577094719,0.195417939138645
"1103","l23","b11",0.800111516346356,0.722293577094719,0.0778179392516369
"1104","l23","b12",0.727347422822294,0.722293577094719,0.00505384572757483
"1105","l23","b13",0.671725421011435,0.722293577094719,-0.0505681560832834
"1106","l23","b14",0.78562934901559,0.722293577094719,0.0633357719208717
"1107","l23","b15",0.809776038080568,0.722293577094719,0.0874824609858494
"1108","l23","b16",0.515645365256481,0.722293577094719,-0.206648211838238
"1109","l23","b17",0.724844305868445,0.722293577094719,0.0025507287737262
"1110","l23","b18",0.827747304087512,0.722293577094719,0.105453726992794
"1111","l23","b19",0.613105908428747,0.722293577094719,-0.109187668665972
"1112","l23","b20",0.76618232384911,0.722293577094719,0.043888746754391
"1113","l23","pretest",0.722293577094719,0.722293577094719,0
"1114","l24","b01",0.14323306827045,0.0765418052873855,0.0666912629830641
"1115","l24","b02",0.0717781294225735,0.0765418052873855,-0.00476367586481201
"1116","l24","b03",0.222343242585774,0.0765418052873855,0.145801437298388
"1117","l24","b04",0.0913295106009447,0.0765418052873855,0.0147877053135592
"1118","l24","b05",0.173676997885851,0.0765418052873855,0.0971351925984658
"1119","l24","b06",0.282562406226116,0.0765418052873855,0.206020600938731
"1120","l24","b07",0.235632306890319,0.0765418052873855,0.159090501602933
"1121","l24","b08",0.249355631613055,0.0765418052873855,0.17281382632567
"1122","l24","b09",0.36885751827456,0.0765418052873855,0.292315712987174
"1123","l24","b10",0.169308986346901,0.0765418052873855,0.0927671810595159
"1124","l24","b11",0.122642632988291,0.0765418052873855,0.0461008277009051
"1125","l24","b12",0.27038191417361,0.0765418052873855,0.193840108886224
"1126","l24","b13",0.271821104790961,0.0765418052873855,0.195279299503575
"1127","l24","b14",0.16644012895474,0.0765418052873855,0.0898983236673544
"1128","l24","b15",0.120733434472164,0.0765418052873855,0.0441916291847789
"1129","l24","b16",0.194188125537244,0.0765418052873855,0.117646320249859
"1130","l24","b17",0.096179607609256,0.0765418052873855,0.0196378023218706
"1131","l24","b18",0.163524495091237,0.0765418052873855,0.0869826898038515
"1132","l24","b19",0.053592035597841,0.0765418052873855,-0.0229497696895445
"1133","l24","b20",0.107047988381383,0.0765418052873855,0.0305061830939978
"1134","l24","pretest",0.0765418052873855,0.0765418052873855,0
"1135","l25","b01",0.84161830422946,0.64435283579215,0.197265468437309
"1136","l25","b02",0.554328900614582,0.64435283579215,-0.0900239351775685
"1137","l25","b03",0.860897366221618,0.64435283579215,0.216544530429468
"1138","l25","b04",0.907328823444686,0.64435283579215,0.262975987652536
"1139","l25","b05",0.966989433464054,0.64435283579215,0.322636597671904
"1140","l25","b06",0.863401802782785,0.64435283579215,0.219048966990634
"1141","l25","b07",0.976146612011371,0.64435283579215,0.331793776219221
"1142","l25","b08",1.01192528196234,0.64435283579215,0.36757244617019
"1143","l25","b09",0.999502535610115,0.64435283579215,0.355149699817965
"1144","l25","b10",1.16345588106847,0.64435283579215,0.519103045276324
"1145","l25","b11",0.877835325174027,0.64435283579215,0.233482489381876
"1146","l25","b12",0.988628641344257,0.64435283579215,0.344275805552107
"1147","l25","b13",0.956106222044265,0.64435283579215,0.311753386252115
"1148","l25","b14",1.05685977428261,0.64435283579215,0.412506938490457
"1149","l25","b15",1.06573706288519,0.64435283579215,0.421384227093043
"1150","l25","b16",0.782708909564871,0.64435283579215,0.138356073772721
"1151","l25","b17",1.09427169705757,0.64435283579215,0.449918861265417
"1152","l25","b18",0.988670266443207,0.64435283579215,0.344317430651056
"1153","l25","b19",0.927951749341691,0.64435283579215,0.283598913549541
"1154","l25","b20",0.873560095404908,0.64435283579215,0.229207259612757
"1155","l25","pretest",0.64435283579215,0.64435283579215,0
"1156","l26","b01",0.94524801040232,0.522292847323192,0.422955163079128
"1157","l26","b02",0.759837232082681,0.522292847323192,0.237544384759489
"1158","l26","b03",0.838531799013775,0.522292847323192,0.316238951690583
"1159","l26","b04",0.912523005619609,0.522292847323192,0.390230158296418
"1160","l26","b05",1.00442849153587,0.522292847323192,0.482135644212681
"1161","l26","b06",1.01667236455279,0.522292847323192,0.494379517229603
"1162","l26","b07",1.04595543803086,0.522292847323192,0.52366259070767
"1163","l26","b08",1.0404408120297,0.522292847323192,0.518147964706504
"1164","l26","b09",1.08434349369526,0.522292847323192,0.562050646372069
"1165","l26","b10",1.05918504056537,0.522292847323192,0.536892193242181
"1166","l26","b11",1.05981577783202,0.522292847323192,0.537522930508825
"1167","l26","b12",1.10665251255177,0.522292847323192,0.584359665228583
"1168","l26","b13",1.26554146976755,0.522292847323192,0.743248622444359
"1169","l26","b14",1.06390647598239,0.522292847323192,0.541613628659201
"1170","l26","b15",0.999616303529695,0.522292847323192,0.477323456206503
"1171","l26","b16",1.00199503510865,0.522292847323192,0.479702187785461
"1172","l26","b17",1.08797629428307,0.522292847323192,0.565683446959875
"1173","l26","b18",1.02234457648436,0.522292847323192,0.50005172916117
"1174","l26","b19",1.26881439523204,0.522292847323192,0.746521547908845
"1175","l26","b20",1.13348700546958,0.522292847323192,0.611194158146387
"1176","l26","pretest",0.522292847323192,0.522292847323192,0
"1177","l27","b01",0.419757088909087,0.0172882847105777,0.402468804198509
"1178","l27","b02",0.259593528396803,0.0172882847105777,0.242305243686225
"1179","l27","b03",0.405818398707099,0.0172882847105777,0.388530113996522
"1180","l27","b04",0.677185431854117,0.0172882847105777,0.65989714714354
"1181","l27","b05",0.607488649678217,0.0172882847105777,0.590200364967639
"1182","l27","b06",0.664954002360964,0.0172882847105777,0.647665717650386
"1183","l27","b07",0.59028867833504,0.0172882847105777,0.573000393624462
"1184","l27","b08",0.607384745056595,0.0172882847105777,0.590096460346017
"1185","l27","b09",0.610601129637246,0.0172882847105777,0.593312844926669
"1186","l27","b10",0.70864894089869,0.0172882847105777,0.691360656188113
"1187","l27","b11",0.692623007832842,0.0172882847105777,0.675334723122265
"1188","l27","b12",0.720799714869573,0.0172882847105777,0.703511430158995
"1189","l27","b13",0.491236852775325,0.0172882847105777,0.473948568064747
"1190","l27","b14",0.678840957975713,0.0172882847105777,0.661552673265135
"1191","l27","b15",0.484356843387506,0.0172882847105777,0.467068558676928
"1192","l27","b16",0.301814245539572,0.0172882847105777,0.284525960828995
"1193","l27","b17",0.629764556292049,0.0172882847105777,0.612476271581471
"1194","l27","b18",0.636978949633632,0.0172882847105777,0.619690664923054
"1195","l27","b19",0.666536341777595,0.0172882847105777,0.649248057067017
"1196","l27","b20",0.633467906647078,0.0172882847105777,0.6161796219365
"1197","l27","pretest",0.0172882847105777,0.0172882847105777,0
"1198","l28","b01",0.336866649382123,0.423684139134504,-0.0868174897523815
"1199","l28","b02",0.272432127724165,0.423684139134504,-0.151252011410339
"1200","l28","b03",0.418740434976506,0.423684139134504,-0.00494370415799766
"1201","l28","b04",0.428911299249468,0.423684139134504,0.00522716011496344
"1202","l28","b05",0.420933008480712,0.423684139134504,-0.00275113065379196
"1203","l28","b06",0.354470948605171,0.423684139134504,-0.0692131905293332
"1204","l28","b07",0.434240215752775,0.423684139134504,0.0105560766182705
"1205","l28","b08",0.360816482147991,0.423684139134504,-0.0628676569865133
"1206","l28","b09",0.34167697514422,0.423684139134504,-0.0820071639902842
"1207","l28","b10",0.409657920467593,0.423684139134504,-0.0140262186669112
"1208","l28","b11",0.506317336060223,0.423684139134504,0.082633196925719
"1209","l28","b12",0.477284562295108,0.423684139134504,0.053600423160604
"1210","l28","b13",0.467492006948893,0.423684139134504,0.0438078678143884
"1211","l28","b14",0.437365525037788,0.423684139134504,0.0136813859032839
"1212","l28","b15",0.350722232675101,0.423684139134504,-0.0729619064594026
"1213","l28","b16",0.420396726178803,0.423684139134504,-0.00328741295570156
"1214","l28","b17",0.533990679059887,0.423684139134504,0.110306539925383
"1215","l28","b18",0.446164677037738,0.423684139134504,0.0224805379032335
"1216","l28","b19",0.693078224144072,0.423684139134504,0.269394085009568
"1217","l28","b20",0.693802269559057,0.423684139134504,0.270118130424553
"1218","l28","pretest",0.423684139134504,0.423684139134504,0
"1219","l29","b01",-0.00998594504584416,-0.124838233467202,0.114852288421358
"1220","l29","b02",-0.00435962201957133,-0.124838233467202,0.12047861144763
"1221","l29","b03",-0.0325102477287813,-0.124838233467202,0.0923279857384204
"1222","l29","b04",0.119778556937872,-0.124838233467202,0.244616790405074
"1223","l29","b05",0.248873993258074,-0.124838233467202,0.373712226725276
"1224","l29","b06",0.0426830369333214,-0.124838233467202,0.167521270400523
"1225","l29","b07",-0.0536039321519826,-0.124838233467202,0.0712343013152191
"1226","l29","b08",-0.00397660348598105,-0.124838233467202,0.120861629981221
"1227","l29","b09",0.0196757482872698,-0.124838233467202,0.144513981754471
"1228","l29","b10",0.0274828127044508,-0.124838233467202,0.152321046171652
"1229","l29","b11",0.117139570845945,-0.124838233467202,0.241977804313147
"1230","l29","b12",0.083975674878008,-0.124838233467202,0.20881390834521
"1231","l29","b13",0.0858684640903394,-0.124838233467202,0.210706697557541
"1232","l29","b14",0.236813497451659,-0.124838233467202,0.361651730918861
"1233","l29","b15",0.0591549500795889,-0.124838233467202,0.183993183546791
"1234","l29","b16",0.111555559124156,-0.124838233467202,0.236393792591358
"1235","l29","b17",-0.00588827562894694,-0.124838233467202,0.118949957838255
"1236","l29","b18",-0.0947861138685439,-0.124838233467202,0.0300521195986578
"1237","l29","b19",0.111897919072353,-0.124838233467202,0.236736152539555
"1238","l29","b20",-0.041490703006869,-0.124838233467202,0.0833475304603327
"1239","l29","pretest",-0.124838233467202,-0.124838233467202,0
"1240","l30","b01",0.785310557910147,0.681157678075345,0.104152879834802
"1241","l30","b02",0.926773765491105,0.681157678075345,0.24561608741576
"1242","l30","b03",0.817947512528169,0.681157678075345,0.136789834452824
"1243","l30","b04",1.04076217822677,0.681157678075345,0.359604500151422
"1244","l30","b05",0.941790891207731,0.681157678075345,0.260633213132386
"1245","l30","b06",1.0230607565947,0.681157678075345,0.341903078519351
"1246","l30","b07",0.953219305765324,0.681157678075345,0.272061627689979
"1247","l30","b08",1.01933330435785,0.681157678075345,0.338175626282509
"1248","l30","b09",1.07921568465028,0.681157678075345,0.398058006574932
"1249","l30","b10",1.14687986062063,0.681157678075345,0.465722182545285
"1250","l30","b11",0.931699206917465,0.681157678075345,0.25054152884212
"1251","l30","b12",0.932220420805215,0.681157678075345,0.25106274272987
"1252","l30","b13",1.12297749742829,0.681157678075345,0.441819819352944
"1253","l30","b14",1.36814329429179,0.681157678075345,0.68698561621644
"1254","l30","b15",0.939860179946948,0.681157678075345,0.258702501871603
"1255","l30","b16",1.23697764483608,0.681157678075345,0.55581996676074
"1256","l30","b17",1.09438065750696,0.681157678075345,0.413222979431617
"1257","l30","b18",1.36494175120927,0.681157678075345,0.683784073133926
"1258","l30","b19",1.09626462310845,0.681157678075345,0.415106945033101
"1259","l30","b20",0.798433381244972,0.681157678075345,0.117275703169627
"1260","l30","pretest",0.681157678075345,0.681157678075345,0
